-- MySQL dump 10.13  Distrib 8.0.15, for Win64 (x86_64)
--
-- Host: localhost    Database: msfo
-- ------------------------------------------------------
-- Server version	8.0.15

/*!40101 SET @OLD_CHARACTER_SET_CLIENT=@@CHARACTER_SET_CLIENT */;
/*!40101 SET @OLD_CHARACTER_SET_RESULTS=@@CHARACTER_SET_RESULTS */;
/*!40101 SET @OLD_COLLATION_CONNECTION=@@COLLATION_CONNECTION */;
 SET NAMES utf8 ;
/*!40103 SET @OLD_TIME_ZONE=@@TIME_ZONE */;
/*!40103 SET TIME_ZONE='+00:00' */;
/*!40014 SET @OLD_UNIQUE_CHECKS=@@UNIQUE_CHECKS, UNIQUE_CHECKS=0 */;
/*!40014 SET @OLD_FOREIGN_KEY_CHECKS=@@FOREIGN_KEY_CHECKS, FOREIGN_KEY_CHECKS=0 */;
/*!40101 SET @OLD_SQL_MODE=@@SQL_MODE, SQL_MODE='NO_AUTO_VALUE_ON_ZERO' */;
/*!40111 SET @OLD_SQL_NOTES=@@SQL_NOTES, SQL_NOTES=0 */;

--
-- Table structure for table `companies`
--

DROP TABLE IF EXISTS `companies`;
/*!40101 SET @saved_cs_client     = @@character_set_client */;
 SET character_set_client = utf8mb4 ;
CREATE TABLE `companies` (
  `id` int(11) NOT NULL AUTO_INCREMENT,
  `ticker` varchar(45) NOT NULL,
  `id_sector` int(11) NOT NULL,
  PRIMARY KEY (`id`),
  KEY `fk_id_sector_idx` (`id_sector`),
  CONSTRAINT `fk_id_sector` FOREIGN KEY (`id_sector`) REFERENCES `sectors` (`id`)
) ENGINE=InnoDB AUTO_INCREMENT=21 DEFAULT CHARSET=utf8mb4 COLLATE=utf8mb4_0900_ai_ci;
/*!40101 SET character_set_client = @saved_cs_client */;

--
-- Dumping data for table `companies`
--

LOCK TABLES `companies` WRITE;
/*!40000 ALTER TABLE `companies` DISABLE KEYS */;
INSERT INTO `companies` VALUES (1,'ALRS',1),(2,'GMKN',1),(3,'LNZL',1),(4,'POLY',1),(5,'CHMF',2),(6,'MAGN',2),(7,'MTLR',2),(8,'NLMK',2),(9,'BANE',3),(10,'GAZP',3),(11,'LKOH',3),(12,'NVTK',3),(13,'ROSN',3),(14,'SIBN',3),(15,'LNTA',4),(16,'MGNT',4),(17,'MVID',4),(18,'HYDR',5),(19,'IRAO',5),(20,'TGKA',5);
/*!40000 ALTER TABLE `companies` ENABLE KEYS */;
UNLOCK TABLES;

--
-- Table structure for table `sectors`
--

DROP TABLE IF EXISTS `sectors`;
/*!40101 SET @saved_cs_client     = @@character_set_client */;
 SET character_set_client = utf8mb4 ;
CREATE TABLE `sectors` (
  `id` int(11) NOT NULL AUTO_INCREMENT,
  `sector` varchar(45) NOT NULL,
  PRIMARY KEY (`id`)
) ENGINE=InnoDB AUTO_INCREMENT=21 DEFAULT CHARSET=utf8mb4 COLLATE=utf8mb4_0900_ai_ci;
/*!40101 SET character_set_client = @saved_cs_client */;

--
-- Dumping data for table `sectors`
--

LOCK TABLES `sectors` WRITE;
/*!40000 ALTER TABLE `sectors` DISABLE KEYS */;
INSERT INTO `sectors` VALUES (1,'Горнодобывающие'),(2,'Металлургия'),(3,'Нефтегаз'),(4,'Ритейл'),(5,'Электрогенерация');
/*!40000 ALTER TABLE `sectors` ENABLE KEYS */;
UNLOCK TABLES;

--
-- Table structure for table `showings`
--

DROP TABLE IF EXISTS `showings`;
/*!40101 SET @saved_cs_client     = @@character_set_client */;
 SET character_set_client = utf8mb4 ;
CREATE TABLE `showings` (
  `id` int(11) NOT NULL,
  `id_type_statement` int(11) NOT NULL,
  `showing` varchar(45) NOT NULL,
  PRIMARY KEY (`id`),
  KEY `fk_id_statement_idx` (`id_type_statement`),
  CONSTRAINT `fk_type_statement` FOREIGN KEY (`id_type_statement`) REFERENCES `type_statements` (`id`)
) ENGINE=InnoDB DEFAULT CHARSET=utf8mb4 COLLATE=utf8mb4_0900_ai_ci;
/*!40101 SET character_set_client = @saved_cs_client */;

--
-- Dumping data for table `showings`
--

LOCK TABLES `showings` WRITE;
/*!40000 ALTER TABLE `showings` DISABLE KEYS */;
INSERT INTO `showings` VALUES (1,1,'Внеоборотные активы'),(2,1,'Оборотные активы'),(3,1,'Активы'),(4,1,'Капитал'),(5,1,'Долгосрочные обязательства'),(6,1,'Краткосрочные обязательства'),(7,1,'Пассивы'),(8,1,'Уровень закредитованности'),(9,2,'Выручка'),(10,2,'Чистая прибыль'),(11,2,'Выручка в долларах'),(12,2,'Чистая прибыль в долларах'),(13,3,'CFO'),(14,3,'CFO в долларах'),(15,4,'Количество акций, (в млн. штук)'),(16,4,'Цена на дату, руб.');
/*!40000 ALTER TABLE `showings` ENABLE KEYS */;
UNLOCK TABLES;

--
-- Table structure for table `statements`
--

DROP TABLE IF EXISTS `statements`;
/*!40101 SET @saved_cs_client     = @@character_set_client */;
 SET character_set_client = utf8mb4 ;
CREATE TABLE `statements` (
  `id` int(11) NOT NULL AUTO_INCREMENT,
  `id_company` int(11) NOT NULL,
  `id_year` int(11) NOT NULL,
  `id_showing` int(11) NOT NULL,
  `value` double NOT NULL,
  PRIMARY KEY (`id`),
  KEY `fk_companies_idx` (`id_company`),
  KEY `fk_year_idx` (`id_year`),
  KEY `fk_showings_idx` (`id_showing`),
  CONSTRAINT `fk_companies` FOREIGN KEY (`id_company`) REFERENCES `companies` (`id`),
  CONSTRAINT `fk_showings` FOREIGN KEY (`id_showing`) REFERENCES `showings` (`id`),
  CONSTRAINT `fk_years` FOREIGN KEY (`id_year`) REFERENCES `years` (`id`)
) ENGINE=InnoDB AUTO_INCREMENT=2561 DEFAULT CHARSET=utf8mb4 COLLATE=utf8mb4_0900_ai_ci;
/*!40101 SET character_set_client = @saved_cs_client */;

--
-- Dumping data for table `statements`
--

LOCK TABLES `statements` WRITE;
/*!40000 ALTER TABLE `statements` DISABLE KEYS */;
INSERT INTO `statements` VALUES (1,1,0,1,173659),(2,1,1,1,173322),(3,1,2,1,175550),(4,1,3,1,231018),(5,1,4,1,225202),(6,1,5,1,284156),(7,1,6,1,298376),(8,1,7,1,299858),(9,1,0,2,62580),(10,1,1,2,49105),(11,1,2,2,65414),(12,1,3,2,73691),(13,1,4,2,129669),(14,1,5,2,104093),(15,1,6,2,136689),(16,1,7,2,172856),(17,1,0,3,236239),(18,1,1,3,222427),(19,1,2,3,240964),(20,1,3,3,304709),(21,1,4,3,354871),(22,1,5,3,388249),(23,1,6,3,435065),(24,1,7,3,472714),(25,1,0,4,80721),(26,1,1,4,92610),(27,1,2,4,113097),(28,1,3,4,137849),(29,1,4,4,159461),(30,1,5,4,137174),(31,1,6,4,151485),(32,1,7,4,256970),(33,1,0,5,36279),(34,1,1,5,98935),(35,1,2,5,84557),(36,1,3,5,109630),(37,1,4,5,101703),(38,1,5,5,197799),(39,1,6,5,227830),(40,1,7,5,179332),(41,1,0,6,119239),(42,1,1,6,30882),(43,1,2,6,43310),(44,1,3,6,57230),(45,1,4,6,93707),(46,1,5,6,53276),(47,1,6,6,55750),(48,1,7,6,36412),(49,1,0,7,236239),(50,1,1,7,222427),(51,1,2,7,240964),(52,1,3,7,304709),(53,1,4,7,354871),(54,1,5,7,388249),(55,1,6,7,435065),(56,1,7,7,472714),(57,1,0,8,0.658307900050373),(58,1,1,8,0.583638676959182),(59,1,2,8,0.530647731611361),(60,1,3,8,0.547604435707511),(61,1,4,8,0.550650799868121),(62,1,5,8,0.646685503375411),(63,1,6,8,0.651810648983485),(64,1,7,8,0.456394352610669),(65,1,0,9,77949),(66,1,1,9,113394),(67,1,2,9,137732),(68,1,3,9,150880),(69,1,4,9,168505),(70,1,5,9,207159),(71,1,6,9,224524),(72,1,7,9,317090),(73,1,0,10,3437),(74,1,1,10,11690),(75,1,2,10,26480),(76,1,3,10,32634),(77,1,4,10,30917),(78,1,5,10,-17952),(79,1,6,10,30674),(80,1,7,10,131392),(81,1,0,11,2557.64201739678),(82,1,1,11,3521.97937017216),(83,1,2,11,4534.73020179306),(84,1,3,11,4609.95074734488),(85,1,4,11,2995.1971616683),(86,1,5,11,2842.3617676074),(87,1,6,11,3701.54096236372),(88,1,7,11,5505.0156075847),(89,1,0,12,112.77393698178),(90,1,1,12,363.087454691717),(91,1,2,12,871.835562857435),(92,1,3,12,997.091282402259),(93,1,4,12,549.553488901213),(94,1,5,12,-246.313597053896),(95,1,6,12,505.696796242472),(96,1,7,12,2281.10319061392),(97,1,0,13,12297),(98,1,1,13,26884),(99,1,2,13,47019),(100,1,3,13,44408),(101,1,4,13,48463),(102,1,5,13,74872),(103,1,6,13,102832),(104,1,7,13,144183),(105,1,0,14,403.485918843452),(106,1,1,14,835.007966803433),(107,1,2,14,1548.06783723541),(108,1,3,14,1356.83120882881),(109,1,4,14,861.435803364475),(110,1,5,14,1027.29454314947),(111,1,6,14,1695.30589265195),(112,1,7,14,2503.16839177642),(113,1,0,15,7326.296468),(114,1,1,15,7326.296468),(115,1,2,15,7230.164365),(116,1,3,15,7215.58323),(117,1,4,15,7253.71775),(118,1,5,15,7360.600109),(119,1,6,15,7359.179168),(120,1,7,15,7362.530908),(121,1,0,16,0),(122,1,1,16,0),(123,1,2,16,31),(124,1,3,16,30),(125,1,4,16,35.67),(126,1,5,16,63),(127,1,6,16,55.94),(128,1,7,16,97.43),(129,2,0,1,333264.9015),(130,2,1,1,397432),(131,2,2,1,430111),(132,2,3,1,402296),(133,2,4,1,420008),(134,2,5,1,491678),(135,2,6,1,647662),(136,2,7,1,697570),(137,2,0,2,395407.3006),(138,2,1,2,211525),(139,2,2,2,206935),(140,2,3,2,212450),(141,2,4,2,319767),(142,2,5,2,482871),(143,2,6,2,354576),(144,2,7,2,260700),(145,2,0,3,728672.2021),(146,2,1,3,608957),(147,2,2,3,637046),(148,2,3,3,614746),(149,2,4,3,739775),(150,2,5,3,974549),(151,2,6,3,1002238),(152,2,7,3,958270),(153,2,0,4,547791.8006),(154,2,1,4,361338),(155,2,2,4,393020),(156,2,3,4,319130),(157,2,4,4,269641),(158,2,5,4,164885),(159,2,6,4,236501),(160,2,7,4,268272),(161,2,0,5,98684.2022),(162,2,1,5,124228),(163,2,2,5,123473),(164,2,3,5,207008),(165,2,4,5,347375),(166,2,5,5,563537),(167,2,6,5,524240),(168,2,7,5,554554),(169,2,0,6,82196.1993),(170,2,1,6,123391),(171,2,2,6,120553),(172,2,3,6,88608),(173,2,4,6,122759),(174,2,5,6,246127),(175,2,6,6,241497),(176,2,7,6,135444),(177,2,0,7,728672.2021),(178,2,1,7,608957),(179,2,2,7,637046),(180,2,3,7,614746),(181,2,4,7,739775),(182,2,5,7,974549),(183,2,6,7,1002238),(184,2,7,7,958270),(185,2,0,8,0.248232883014764),(186,2,1,8,0.406628054197587),(187,2,2,8,0.383058680220895),(188,2,3,8,0.48087502806037),(189,2,4,8,0.635509445439492),(190,2,5,8,0.830808917766064),(191,2,6,8,0.764027107333787),(192,2,7,8,0.720045498659042),(193,2,0,9,389342.3975),(194,2,1,9,415018),(195,2,2,9,375120),(196,2,3,9,365876),(197,2,4,9,456013),(198,2,5,9,506140),(199,2,6,9,548564),(200,2,7,9,536753),(201,2,0,10,94143.1441),(202,2,1,10,105152),(203,2,2,10,68198),(204,2,3,10,23838),(205,2,4,10,93506),(206,2,5,10,105139),(207,2,6,10,167836),(208,2,7,10,127809),(209,2,0,11,12775),(210,2,1,11,12890.3190137936),(211,2,2,11,12350.5648164305),(212,2,3,11,11178.8861322611),(213,2,4,11,8105.68732847006),(214,2,5,11,6944.58355686603),(215,2,6,11,9043.71967575),(216,2,7,11,9318.59611598571),(217,2,0,12,3089),(218,2,1,12,3265.98563180012),(219,2,2,12,2245.37166600269),(220,2,3,12,728.340442173961),(221,2,4,12,1662.08068483995),(222,2,5,12,1442.57827989358),(223,2,6,12,2766.97292476206),(224,2,7,12,2218.89854549116),(225,2,0,13,179813.71),(226,2,1,13,156889),(227,2,2,13,122486),(228,2,3,13,113833),(229,2,4,13,183619),(230,2,5,13,202482),(231,2,6,13,192211),(232,2,7,13,169449),(233,2,0,14,5900),(234,2,1,14,4872.9193908579),(235,2,2,14,4032.76626707537),(236,2,3,14,3478.02573848429),(237,2,4,14,3263.85037612161),(238,2,5,14,2778.19016035355),(239,2,6,14,3168.82333254749),(240,2,7,14,2941.81270203923),(241,2,0,15,190.627747),(242,2,1,15,190.627747),(243,2,2,15,190.627747),(244,2,3,15,158.245476),(245,2,4,15,158.245476),(246,2,5,15,156.995401),(247,2,6,15,158.245476),(248,2,7,15,158.245476),(249,2,0,16,7165),(250,2,1,16,4929),(251,2,2,16,5603),(252,2,3,16,5400),(253,2,4,16,8080),(254,2,5,16,9150),(255,2,6,16,10122),(256,2,7,16,10850),(257,3,0,1,4459),(258,3,1,1,4459),(259,3,2,1,4122),(260,3,3,1,3874),(261,3,4,1,3835),(262,3,5,1,3973),(263,3,6,1,4604),(264,3,7,1,5544),(265,3,0,2,6813),(266,3,1,2,6813),(267,3,2,2,6512),(268,3,3,2,5742),(269,3,4,2,8736),(270,3,5,2,12743),(271,3,6,2,13469),(272,3,7,2,12794),(273,3,0,3,11272),(274,3,1,3,11272),(275,3,2,3,10634),(276,3,3,3,9616),(277,3,4,3,12571),(278,3,5,3,16716),(279,3,6,3,18073),(280,3,7,3,18338),(281,3,0,4,8512),(282,3,1,4,8512),(283,3,2,4,9161),(284,3,3,4,8015),(285,3,4,4,10853),(286,3,5,4,14529),(287,3,6,4,16085),(288,3,7,4,14862),(289,3,0,5,798),(290,3,1,5,798),(291,3,2,5,706),(292,3,3,5,779),(293,3,4,5,811),(294,3,5,5,1070),(295,3,6,5,1098),(296,3,7,5,1733),(297,3,0,6,1962),(298,3,1,6,1962),(299,3,2,6,767),(300,3,3,6,822),(301,3,4,6,907),(302,3,5,6,1117),(303,3,6,6,890),(304,3,7,6,1743),(305,3,0,7,11272),(306,3,1,7,11272),(307,3,2,7,10634),(308,3,3,7,9616),(309,3,4,7,12571),(310,3,5,7,16716),(311,3,6,7,18073),(312,3,7,7,18338),(313,3,0,8,0.24485450674237),(314,3,1,8,0.24485450674237),(315,3,2,8,0.138517961256348),(316,3,3,8,0.166493344425957),(317,3,4,8,0.136663749900565),(318,3,5,8,0.130832735104092),(319,3,6,8,0.109998340065291),(320,3,7,8,0.189551750463518),(321,3,0,9,10757),(322,3,1,9,10757),(323,3,2,9,11676),(324,3,3,9,9223),(325,3,4,9,9370),(326,3,5,9,12073),(327,3,6,9,14167),(328,3,7,9,11194),(329,3,0,10,2598),(330,3,1,10,2598),(331,3,2,10,2188),(332,3,3,10,1184),(333,3,4,10,2808),(334,3,5,10,3572),(335,3,6,10,1567),(336,3,7,10,-916),(337,3,0,11,352.955845246728),(338,3,1,11,334.108789573892),(339,3,2,11,384.424170389857),(340,3,3,11,281.797294159344),(341,3,4,11,166.552905877167),(342,3,5,11,165.649735808361),(343,3,6,11,233.559578547535),(344,3,7,11,194.33960298749),(345,3,0,12,85.2448903923955),(346,3,1,12,80.6930031898273),(347,3,2,12,72.0383765684315),(348,3,3,12,36.1756474340956),(349,3,4,12,49.912546393072),(350,3,5,12,49.0102589503408),(351,3,6,12,25.8338292922982),(352,3,7,12,-15.9027225599911),(353,3,0,13,4087),(354,3,1,13,4087),(355,3,2,13,3675),(356,3,3,13,2342),(357,3,4,13,2181),(358,3,5,13,3819),(359,3,6,13,4628),(360,3,7,13,1224),(361,3,0,14,134.101565447929),(362,3,1,14,126.940840660825),(363,3,2,14,120.996816219829),(364,3,3,14,71.5568972049424),(365,3,4,14,38.7675440467557),(366,3,5,14,52.3992662181835),(367,3,6,14,76.2979974248602),(368,3,7,14,21.249926215534),(369,3,0,15,1.488),(370,3,1,15,1.488),(371,3,2,15,1.488),(372,3,3,15,1.488),(373,3,4,15,1.488),(374,3,5,15,1.488),(375,3,6,15,1.488),(376,3,7,15,1.488),(377,3,0,16,1885),(378,3,1,16,4355),(379,3,2,16,5991),(380,3,3,16,5591.2),(381,3,4,16,4040),(382,3,5,16,7311.2),(383,3,6,16,8640),(384,3,7,16,7300),(385,4,0,1,52561.985585),(386,4,1,1,69206.0642837),(387,4,2,1,74963.9239145),(388,4,3,1,75465.7129212),(389,4,4,1,125450.887452),(390,4,5,1,112544.2992168),(391,4,6,1,121799.0552),(392,4,7,1,136339.6734),(393,4,0,2,17373.356845),(394,4,1,2,48377.4735068),(395,4,2,2,34466.6666057),(396,4,3,2,31059.19257),(397,4,4,2,43165.5513432),(398,4,5,2,39160.2391235),(399,4,6,2,43733.6249),(400,4,7,2,43833.7522),(401,4,0,3,69935.34243),(402,4,1,3,117583.5377905),(403,4,2,3,109430.5905202),(404,4,3,3,106524.9054912),(405,4,4,3,168616.4387952),(406,4,5,3,151704.5383403),(407,4,6,3,165532.6801),(408,4,7,3,180173.4256),(409,4,0,4,37223.3275378),(410,4,1,4,58422.9786678),(411,4,2,4,64502.6244808),(412,4,3,4,58503.117708),(413,4,4,4,48915.7786656),(414,4,5,4,35461.077685),(415,4,6,4,59504.4189),(416,4,7,4,75283.4614),(417,4,0,5,26345.6038205),(418,4,1,5,26155.5965024),(419,4,2,5,23875.6149976),(420,4,3,5,38413.280164),(421,4,4,5,61608.0675143999),(422,4,5,5,85558.0218878),(423,4,6,5,88619.7309),(424,4,7,5,92563.5214),(425,4,0,6,6366.4110717),(426,4,1,6,33004.9626203),(427,4,2,6,21052.3510418),(428,4,3,6,9608.5076192),(429,4,4,6,58092.5926152),(430,4,5,6,30685.4387675),(431,4,6,6,17408.5303),(432,4,7,6,12326.4428),(433,4,0,7,69935.34243),(434,4,1,7,117583.5377905),(435,4,2,7,109430.5905202),(436,4,3,7,106524.9054912),(437,4,4,7,168616.4387952),(438,4,5,7,151704.5383403),(439,4,6,7,165532.6801),(440,4,7,7,180173.4256),(441,4,0,8,0.467746546389506),(442,4,1,8,0.503136410371553),(443,4,2,8,0.410561304894966),(444,4,3,8,0.450803383131535),(445,4,4,8,0.709899111764467),(446,4,5,8,0.766249064972239),(447,4,6,8,0.640527665811653),(448,4,7,8,0.582161125319693),(449,4,0,9,28202.5918144),(450,4,1,9,42705.872923),(451,4,2,9,56312.9600255),(452,4,3,9,55855.5545324),(453,4,4,9,95098.6930344),(454,4,5,9,105030.7487911),(455,4,6,9,96019.8727),(456,4,7,9,104544.363),(457,4,0,10,7613.3429583),(458,4,1,10,9315.0722403),(459,4,2,10,11977.4134996),(460,4,3,10,-6448.8633804),(461,4,4,10,-11805.262656),(462,4,5,10,16106.7122865),(463,4,6,10,23959.4755),(464,4,7,10,20390.4708),(465,4,0,11,925.376),(466,4,1,11,1326.43),(467,4,2,11,1854.065),(468,4,3,11,1706.597),(469,4,4,11,1690.391),(470,4,5,11,1441.093),(471,4,6,11,1583),(472,4,7,11,1815),(473,4,0,12,249.807),(474,4,1,12,289.323),(475,4,2,12,394.348),(476,4,3,12,-197.037),(477,4,4,12,-209.84),(478,4,5,12,220.995),(479,4,6,12,395),(480,4,7,12,354),(481,4,0,13,10140.4570294),(482,4,1,13,15256.0253967),(483,4,2,13,21750.7712783),(484,4,3,13,14770.4261264),(485,4,4,13,34728.591612),(486,4,5,13,36738.8571814),(487,4,6,13,33664.5795),(488,4,7,13,34617.7202),(489,4,0,14,332.726),(490,4,1,14,473.847),(491,4,2,14,716.129),(492,4,3,14,451.292),(493,4,4,14,617.305),(494,4,5,14,504.082),(495,4,6,14,555),(496,4,7,14,601),(497,4,0,15,358.732335),(498,4,1,15,382.685785),(499,4,2,15,382.705692),(500,4,3,15,387.932387),(501,4,4,15,399.690138),(502,4,5,15,423.249202),(503,4,6,15,426.394634),(504,4,7,15,430.11548),(505,4,0,16,300),(506,4,1,16,300),(507,4,2,16,300),(508,4,3,16,309.8),(509,4,4,16,510),(510,4,5,16,622),(511,4,6,16,638.5),(512,4,7,16,706.6),(513,5,0,1,299821.1971926),(514,5,1,1,289121.4609415),(515,5,2,1,304046.551),(516,5,3,1,315093.532),(517,5,4,1,221694),(518,5,5,1,213533),(519,5,6,1,222838),(520,5,7,1,245217),(521,5,0,2,291686.0897063),(522,5,1,2,287503.9610736),(523,5,2,2,173023.978),(524,5,3,2,160583.725),(525,5,4,2,203200),(526,5,5,2,214056),(527,5,6,2,170318),(528,5,7,2,170024),(529,5,0,3,591507.2868989),(530,5,1,3,576625.4220151),(531,5,2,3,477070.529),(532,5,3,3,475677.257),(533,5,4,3,424894),(534,5,5,3,427589),(535,5,6,3,393156),(536,5,7,3,415241),(537,5,0,4,223994.6395157),(538,5,1,4,227540.2380403),(539,5,2,4,219146.413),(540,5,3,4,229112.811),(541,5,4,4,159066),(542,5,5,4,165283),(543,5,6,4,184313),(544,5,7,4,195713),(545,5,0,5,173099.6794069),(546,5,1,5,176198.630587),(547,5,2,5,155578.384),(548,5,3,5,163132.053),(549,5,4,5,168255),(550,5,5,5,167778),(551,5,6,5,99857),(552,5,7,5,123332),(553,5,0,6,194412.9679763),(554,5,1,6,172886.5533878),(555,5,2,6,102345.732),(556,5,3,6,83432.393),(557,5,4,6,97573),(558,5,5,6,94528),(559,5,6,6,108986),(560,5,7,6,96196),(561,5,0,7,591507.2868989),(562,5,1,7,576625.4220151),(563,5,2,7,477070.529),(564,5,3,7,475677.257),(565,5,4,7,424894),(566,5,5,7,427589),(567,5,6,7,393156),(568,5,7,7,415241),(569,5,0,8,0.621315502823239),(570,5,1,8,0.60539332926889),(571,5,2,8,0.540641478191163),(572,5,3,8,0.518343987171117),(573,5,4,8,0.625633687460873),(574,5,5,8,0.613453573408109),(575,5,6,8,0.531196268148012),(576,5,7,8,0.528676118206054),(577,5,0,9,390686.9773742),(578,5,1,9,509097.61164),(579,5,2,9,438062.652),(580,5,3,9,423817.434),(581,5,4,9,315838),(582,5,5,9,386673),(583,5,6,9,392144),(584,5,7,9,457521),(585,5,0,10,-17521.5964866),(586,5,1,10,65513.6867513),(587,5,2,10,23539.59),(588,5,3,10,2530.473),(589,5,4,10,-53082),(590,5,5,10,34539),(591,5,6,10,102114),(592,5,7,10,146029),(593,5,0,11,12819.118),(594,5,1,11,15812.4),(595,5,2,11,14422.9078086571),(596,5,3,11,12949.2145851411),(597,5,4,11,5614.05941157232),(598,5,5,11,5305.41541408318),(599,5,6,11,6464.95287428141),(600,5,7,11,7943.04533664814),(601,5,0,12,-574.914),(602,5,1,12,2034.833),(603,5,2,12,775.024610917041),(604,5,3,12,77.3154553120761),(605,5,4,12,-943.539098161341),(606,5,5,12,473.898469732872),(607,5,6,12,1683.46882217852),(608,5,7,12,2535.21689160802),(609,5,0,13,67135.8258267),(610,5,1,13,85997.4572972),(611,5,2,13,52419.492),(612,5,3,13,50066.918),(613,5,4,13,74045),(614,5,5,13,116508),(615,5,6,13,111131),(616,5,7,13,129633),(617,5,0,14,2202.843),(618,5,1,14,2671.052),(619,5,2,14,1725.8752761526),(620,5,3,14,1529.73241020251),(621,5,4,14,1316.15900914352),(622,5,5,14,1598.56865895473),(623,5,6,14,1832.12462226062),(624,5,7,14,2250.56510220451),(625,5,0,15,1005.2),(626,5,1,15,1005.2),(627,5,2,15,839.8),(628,5,3,15,810.6),(629,5,4,15,810.6),(630,5,5,15,810.6),(631,5,6,15,810.6),(632,5,7,15,811.7),(633,5,0,16,519.9),(634,5,1,16,363.8),(635,5,2,16,369.1),(636,5,3,16,319.5),(637,5,4,16,501.9),(638,5,5,16,609.5),(639,5,6,16,942.2),(640,5,7,16,887.4),(641,6,0,1,419148.8057),(642,6,1,1,419482.9869),(643,6,2,1,400713),(644,6,3,1,316537),(645,6,4,1,314851),(646,6,5,1,298344),(647,6,6,1,270624),(648,6,7,1,288376),(649,6,0,2,90973.5465),(650,6,1,2,105152.4626),(651,6,2,2,94124),(652,6,3,2,81033),(653,6,4,2,127144),(654,6,5,2,150432),(655,6,6,2,123680),(656,6,7,2,168026),(657,6,0,3,510122.3522),(658,6,1,3,524635.4495),(659,6,2,3,494837),(660,6,3,3,397570),(661,6,4,3,441995),(662,6,5,3,448776),(663,6,6,3,394304),(664,6,7,3,456402),(665,6,0,4,325676.1534),(666,6,1,4,304188.7528),(667,6,2,4,298248),(668,6,3,4,224532),(669,6,4,4,221741),(670,6,5,4,242007),(671,6,6,4,285727),(672,6,7,4,316610),(673,6,0,5,120932.3392),(674,6,1,5,138314.4456),(675,6,2,5,108521),(676,6,3,5,105454),(677,6,4,5,129788),(678,6,5,5,103202),(679,6,6,5,43855),(680,6,7,5,48659),(681,6,0,6,63513.8596),(682,6,1,6,82132.2511),(683,6,2,6,88068),(684,6,3,6,67584),(685,6,4,6,90466),(686,6,5,6,103567),(687,6,6,6,64722),(688,6,7,6,91133),(689,6,0,7,510122.3522),(690,6,1,7,524635.4495),(691,6,2,7,494837),(692,6,3,7,397570),(693,6,4,7,441995),(694,6,5,7,448776),(695,6,6,7,394304),(696,6,7,7,456402),(697,6,0,8,0.361572469829131),(698,6,1,8,0.420190242405646),(699,6,2,8,0.397280316548682),(700,6,3,8,0.435239077395176),(701,6,4,8,0.49831785427437),(702,6,5,8,0.460739879137922),(703,6,6,8,0.275363678785911),(704,6,7,8,0.306291383473342),(705,6,0,9,235251.1911),(706,6,1,9,273310),(707,6,2,9,289885),(708,6,3,9,260485),(709,6,4,9,302767),(710,6,5,9,354144),(711,6,6,9,373699),(712,6,7,9,439972),(713,6,0,10,7741.1326),(714,6,1,10,-3500),(715,6,2,10,-2852),(716,6,3,10,-78443),(717,6,4,10,-3381),(718,6,5,10,22319),(719,6,6,10,73432),(720,6,7,10,69242),(721,6,0,11,7719),(722,6,1,11,8488.91635943484),(723,6,2,11,9544.26178772384),(724,6,3,11,7958.79520428241),(725,6,4,11,5381.72077414217),(726,6,5,11,4859.09550551777),(727,6,6,11,6160.86545801055),(728,6,7,11,7638.376255638),(729,6,0,12,254),(730,6,1,12,-108.708818769975),(731,6,2,12,-93.900114247334),(732,6,3,12,-2396.72830377767),(733,6,4,12,-60.097692077983),(734,6,5,12,306.231794376443),(735,6,6,12,1210.61247772306),(736,6,7,12,1202.11388154902),(737,6,0,13,36480.8493),(738,6,1,13,27808),(739,6,2,13,28943),(740,6,3,13,27490),(741,6,4,13,51766),(742,6,5,13,83302),(743,6,6,13,83214),(744,6,7,13,83873),(745,6,0,14,1197),(746,6,1,14,863.707094958706),(747,6,2,14,952.92812295252),(748,6,3,14,839.922760104127),(749,6,4,14,920.147035820429),(750,6,5,14,1142.95985192645),(751,6,6,14,1371.88019829566),(752,6,7,14,1456.12341623814),(753,6,0,15,11118.083),(754,6,1,15,11007.133),(755,6,2,15,11007.917),(756,6,3,15,11017.397),(757,6,4,15,11154.352),(758,6,5,15,11162.183),(759,6,6,15,11173.899),(760,6,7,15,11174.33),(761,6,0,16,32.9),(762,6,1,16,12.365),(763,6,2,16,10.42),(764,6,3,16,7.395),(765,6,4,16,10.82),(766,6,5,16,18.875),(767,6,6,16,33.265),(768,6,7,16,41.86),(769,7,0,1,353140.6556502),(770,7,1,1,486651.4887991),(771,7,2,1,410568.3178452),(772,7,3,1,359427.8850624),(773,7,4,1,291486.3596304),(774,7,5,1,278952),(775,7,6,1,261700),(776,7,7,1,251665),(777,7,0,2,127728.8707614),(778,7,1,2,134934.0482766),(779,7,2,2,126885.8115829),(780,7,3,2,93364.5596296),(781,7,4,2,86203.8461856),(782,7,5,2,63120),(783,7,6,2,63765),(784,7,7,2,67462),(785,7,0,3,480869.5264116),(786,7,1,3,621585.5370757),(787,7,2,3,537454.1294281),(788,7,3,3,452792.444692),(789,7,4,3,377690.205816),(790,7,5,3,342072),(791,7,6,3,325465),(792,7,7,3,319127),(793,7,0,4,150891.4671459),(794,7,1,4,172742.5724286),(795,7,2,4,107508.9401639),(796,7,3,4,26570.219144),(797,7,4,4,-148784.9589864),(798,7,5,4,-261854),(799,7,6,4,-252588),(800,7,7,4,-244133),(801,7,0,5,217226.3600406),(802,7,1,5,296258.6923895),(803,7,2,5,315849.5646329),(804,7,3,5,308610.5653904),(805,7,4,5,30075.2905728),(806,7,5,5,23390),(807,7,6,5,72707),(808,7,7,5,79112),(809,7,0,6,112751.6992251),(810,7,1,6,152584.2722576),(811,7,2,6,114095.6246313),(812,7,3,6,117611.6601576),(813,7,4,6,496399.8742296),(814,7,5,6,580536),(815,7,6,6,505346),(816,7,7,6,484148),(817,7,0,7,480869.5264116),(818,7,1,7,621585.5370757),(819,7,2,7,537454.1294281),(820,7,3,7,452792.444692),(821,7,4,7,377690.205816),(822,7,5,7,342072),(823,7,6,7,325465),(824,7,7,7,319127),(825,7,0,8,0.686211209365044),(826,7,1,8,0.722093642588144),(827,7,2,8,0.799966296140846),(828,7,3,8,0.941319208269754),(829,7,4,8,1.39393385556544),(830,7,5,8,1.76549381416778),(831,7,6,8,1.77608344983332),(832,7,7,8,1.76500264784866),(833,7,0,9,297028.9645684),(834,7,1,9,403941.4464885),(835,7,2,9,342450.1575291),(836,7,3,9,280699.7254852),(837,7,4,9,360378.2021928),(838,7,5,9,253141),(839,7,6,9,129687),(840,7,7,9,138757),(841,7,0,10,20029.8148797),(842,7,1,10,23435.0582485),(843,7,2,10,-50557.4244936),(844,7,3,10,-95831.5558088),(845,7,4,10,-243911.10612),(846,7,5,10,-115163),(847,7,6,10,7126),(848,7,7,10,11557),(849,7,0,11,9746.036),(850,7,1,11,12546.285),(851,7,2,11,11274.933),(852,7,3,11,8576.431),(853,7,4,11,6405.767),(854,7,5,11,3473.26594651406),(855,7,6,11,2138.04200346539),(856,7,7,11,2408.96732997455),(857,7,0,12,657.213),(858,7,1,12,727.885),(859,7,2,12,-1664.568),(860,7,3,12,-2928.014),(861,7,4,12,-4335.55),(862,7,5,12,-1580.11434812377),(863,7,6,12,117.48045152324),(864,7,7,12,200.641664438665),(865,7,0,13,15004.4483618),(866,7,1,13,17075.3304194),(867,7,2,13,-3026.27508259999),(868,7,3,13,-25179.3263316),(869,7,4,13,-38564.6801672),(870,7,5,13,13189),(871,7,6,13,28569),(872,7,7,13,36786),(873,7,0,14,492.322),(874,7,1,14,530.354),(875,7,2,14,-99.6379999999997),(876,7,3,14,-769.323),(877,7,4,14,-685.491947286094),(878,7,5,14,180.962011561043),(879,7,6,14,470.993407180387),(880,7,7,14,638.643615820778),(881,7,0,15,416.270745),(882,7,1,15,416.270745),(883,7,2,15,416.270745),(884,7,3,15,416.270745),(885,7,4,15,416.270745),(886,7,5,15,416.270745),(887,7,6,15,416.270745),(888,7,7,15,416.270745),(889,7,0,16,881.5),(890,7,1,16,271.9),(891,7,2,16,204.9),(892,7,3,16,66.6),(893,7,4,16,24.7),(894,7,5,16,64.9),(895,7,6,16,181.25),(896,7,7,16,147.75),(897,8,0,1,298480.8840844),(898,8,1,1,378414.0280932),(899,8,2,1,394484.576051),(900,8,3,1,365984.9184488),(901,8,4,1,365021.37672),(902,8,5,1,378897.7),(903,8,6,1,372196.9),(904,8,7,1,362048),(905,8,0,2,125118.3109381),(906,8,1,2,177199.7361204),(907,8,2,2,166120.141653),(908,8,3,2,166980.0254164),(909,8,4,2,217219.30824),(910,8,5,2,271165.6),(911,8,6,2,248853.5),(912,8,7,2,271297),(913,8,0,3,423599.1950225),(914,8,1,3,555613.7642136),(915,8,2,3,560604.717704),(916,8,3,3,532964.9438652),(917,8,4,3,582240.68496),(918,8,5,3,650063.3),(919,8,6,3,621050.4),(920,8,7,3,633345),(921,8,0,4,291170.6338966),(922,8,1,4,325346.7740721),(923,8,2,4,336842.051083),(924,8,3,4,336286.2787228),(925,8,4,4,351991.93128),(926,8,5,4,374437.8),(927,8,6,4,382791.2),(928,8,7,4,382764),(929,8,0,5,82086.9396135),(930,8,1,5,135612.5166919),(931,8,2,5,123469.7636412),(932,8,3,5,120859.9023408),(933,8,4,5,138676.956),(934,8,5,5,179861.5),(935,8,6,5,133395.4),(936,8,7,5,135428),(937,8,0,6,50341.6215124),(938,8,1,6,94654.4734496),(939,8,2,6,100292.9029798),(940,8,3,6,75818.7628016),(941,8,4,6,91571.79768),(942,8,5,6,95764),(943,8,6,6,104863.8),(944,8,7,6,115153),(945,8,0,7,423599.1950225),(946,8,1,7,555613.7642136),(947,8,2,7,560604.717704),(948,8,3,7,532964.9438652),(949,8,4,7,582240.68496),(950,8,5,7,650063.3),(951,8,6,7,621050.4),(952,8,7,7,633345),(953,8,0,8,0.312627036788552),(954,8,1,8,0.414437159359098),(955,8,2,8,0.39914517226583),(956,8,3,8,0.369027395528185),(957,8,4,8,0.395452876495256),(958,8,5,8,0.42399793989293),(959,8,6,8,0.383639073414976),(960,8,7,8,0.395646922293537),(961,8,0,9,254504.9117212),(962,8,1,9,377613.7618316),(963,8,2,9,369228.5218384),(964,8,3,9,357057.3091064),(965,8,4,9,395954.3),(966,8,5,9,485371),(967,8,6,9,508158.9),(968,8,7,9,587146),(969,8,0,10,37303.0551082),(970,8,1,10,42350.8143322),(971,8,2,10,18540.4983791),(972,8,3,10,6794.1237112),(973,8,4,10,23638),(974,8,5,10,58668.5),(975,8,6,10,61277.9),(976,8,7,10,84782),(977,8,0,11,8350.748),(978,8,1,11,11728.556),(979,8,2,11,12156.592),(980,8,3,11,10909.442),(981,8,4,11,7038.1365271675),(982,8,5,11,6659.61881214609),(983,8,6,11,8377.59430501724),(984,8,7,11,10193.471550446),(985,8,0,12,1223.978),(986,8,1,12,1315.402),(987,8,2,12,610.433),(988,8,3,12,207.586),(989,8,4,12,420.16836596846),(990,8,5,12,804.97155017583),(991,8,6,12,1010.23791192758),(992,8,7,12,1471.90461144232),(993,8,0,13,50304.4701713),(994,8,1,13,50487.1551554),(995,8,2,13,35664.5658937),(996,8,3,13,34182.2455632),(997,8,4,13,49411.66568),(998,8,5,13,73046.5),(999,8,6,13,61695.7),(1000,8,7,13,130644),(1001,8,0,14,1650.577),(1002,8,1,14,1568.114),(1003,8,2,14,1174.231),(1004,8,3,14,1044.396),(1005,8,4,14,878.298452853263),(1006,8,5,14,1002.24744692499),(1007,8,6,14,1017.12583399415),(1008,8,7,14,2268.11712459332),(1009,8,0,15,5993.227),(1010,8,1,15,5993.227),(1011,8,2,15,5993.227),(1012,8,3,15,5993.227),(1013,8,4,15,5993.227),(1014,8,5,15,5993.227),(1015,8,6,15,5993.227),(1016,8,7,15,5993.227),(1017,8,0,16,144.54),(1018,8,1,16,62.8),(1019,8,2,16,61.2),(1020,8,3,16,55.18),(1021,8,4,16,66.8),(1022,8,5,16,62.6),(1023,8,6,16,114.98),(1024,8,7,16,147.22),(1025,9,0,1,342522),(1026,9,1,1,299540),(1027,9,2,1,341897),(1028,9,3,1,306424),(1029,9,4,1,388306),(1030,9,5,1,419507),(1031,9,6,1,459833),(1032,9,7,1,474354),(1033,9,0,2,114352),(1034,9,1,2,137438),(1035,9,2,2,121612),(1036,9,3,2,141375),(1037,9,4,2,135375),(1038,9,5,2,100605),(1039,9,6,2,124334),(1040,9,7,2,256002),(1041,9,0,3,456874),(1042,9,1,3,436978),(1043,9,2,3,463509),(1044,9,3,3,447799),(1045,9,4,3,523681),(1046,9,5,3,520112),(1047,9,6,3,584167),(1048,9,7,3,730356),(1049,9,0,4,243585),(1050,9,1,4,226929),(1051,9,2,4,247908),(1052,9,3,4,236322),(1053,9,4,4,203652),(1054,9,5,4,244713),(1055,9,6,4,264536),(1056,9,7,4,381205),(1057,9,0,5,136626),(1058,9,1,5,136211),(1059,9,2,5,128776),(1060,9,3,5,124700),(1061,9,4,5,208812),(1062,9,5,5,180728),(1063,9,6,5,210178),(1064,9,7,5,199848),(1065,9,0,6,76663),(1066,9,1,6,73838),(1067,9,2,6,86825),(1068,9,3,6,86777),(1069,9,4,6,111217),(1070,9,5,6,94671),(1071,9,6,6,109453),(1072,9,7,6,149303),(1073,9,0,7,456874),(1074,9,1,7,436978),(1075,9,2,7,463509),(1076,9,3,7,447799),(1077,9,4,7,523681),(1078,9,5,7,520112),(1079,9,6,7,584167),(1080,9,7,7,730356),(1081,9,0,8,0.466844250274693),(1082,9,1,8,0.480685526502478),(1083,9,2,8,0.465149544021799),(1084,9,3,8,0.472258758952119),(1085,9,4,8,0.611114399796823),(1086,9,5,8,0.529499415510505),(1087,9,6,8,0.547156891779234),(1088,9,7,8,0.478055906982348),(1089,9,0,9,355523),(1090,9,1,9,486328),(1091,9,2,9,532502),(1092,9,3,9,563296),(1093,9,4,9,637271),(1094,9,5,9,611274),(1095,9,6,9,593065),(1096,9,7,9,670964),(1097,9,0,10,42960),(1098,9,1,10,49889),(1099,9,2,10,52291),(1100,9,3,10,46628),(1101,9,4,10,42896),(1102,9,5,10,60953),(1103,9,6,10,52969),(1104,9,7,10,143047),(1105,9,0,11,11665.3268541092),(1106,9,1,11,15105.1835470756),(1107,9,2,11,17532.2575865827),(1108,9,3,11,17210.8086968212),(1109,9,4,11,11327.5706383402),(1110,9,5,11,8387.09323337363),(1111,9,6,11,9777.37075254423),(1112,9,7,11,11648.6401088885),(1113,9,0,12,1409.59218293199),(1114,9,1,12,1549.53550274723),(1115,9,2,12,1721.6447665173),(1116,9,3,12,1424.66054776774),(1117,9,4,12,762.48169162294),(1118,9,5,12,836.316437234076),(1119,9,6,12,873.255969230211),(1120,9,7,12,2483.4462380339),(1121,9,0,13,60629),(1122,9,1,13,73891),(1123,9,2,13,77951),(1124,9,3,13,84947),(1125,9,4,13,80535),(1126,9,5,13,98890),(1127,9,6,13,77388),(1128,9,7,13,101834),(1129,9,0,14,1989.34274811415),(1130,9,1,14,2295.02952220921),(1131,9,2,14,2566.48240031344),(1132,9,3,14,2595.44993461496),(1133,9,4,14,1431.51955974574),(1134,9,5,14,1356.83776808488),(1135,9,6,14,1275.83176852098),(1136,9,7,14,1767.9452501901),(1137,9,0,15,162.2895807),(1138,9,1,15,152.275527),(1139,9,2,15,151.224401),(1140,9,3,15,157.075505),(1141,9,4,15,148.586876),(1142,9,5,15,144.417602),(1143,9,6,15,169.996316),(1144,9,7,15,169.798198),(1145,9,0,16,1342),(1146,9,1,16,1342),(1147,9,2,16,1760),(1148,9,3,16,2000),(1149,9,4,16,1250),(1150,9,5,16,1988),(1151,9,6,16,3589),(1152,9,7,16,2274),(1153,10,0,1,7370098),(1154,10,1,1,8660403),(1155,10,2,1,9536033),(1156,10,3,1,10573566),(1157,10,4,1,11716315),(1158,10,5,1,13058318),(1159,10,6,1,13684592),(1160,10,7,1,14769504),(1161,10,0,2,1865895),(1162,10,1,2,2240293),(1163,10,2,2,2420803),(1164,10,3,2,2862670),(1165,10,4,2,3461155),(1166,10,5,2,3993722),(1167,10,6,2,3234346),(1168,10,7,2,3469266),(1169,10,0,3,9235993),(1170,10,1,3,10900696),(1171,10,2,3,11956836),(1172,10,3,3,13436236),(1173,10,4,3,15177470),(1174,10,5,3,17052040),(1175,10,6,3,16918938),(1176,10,7,3,18238770),(1177,10,0,4,6536361),(1178,10,1,4,7760991),(1179,10,2,4,8479945),(1180,10,3,4,9634354),(1181,10,4,4,10120021),(1182,10,5,4,10914622),(1183,10,6,4,11441839),(1184,10,7,4,12015481),(1185,10,0,5,1688371),(1186,10,1,5,1830450),(1187,10,2,5,1984825),(1188,10,3,5,2410417),(1189,10,4,5,3201502),(1190,10,5,5,4012717),(1191,10,6,5,3555291),(1192,10,7,5,3633773),(1193,10,0,6,1011261),(1194,10,1,6,1309255),(1195,10,2,6,1492066),(1196,10,3,6,1391465),(1197,10,4,6,1855947),(1198,10,5,6,2124701),(1199,10,6,6,1921808),(1200,10,7,6,2589516),(1201,10,0,7,9235993),(1202,10,1,7,10900696),(1203,10,2,7,11956836),(1204,10,3,7,13436236),(1205,10,4,7,15177470),(1206,10,5,7,17052040),(1207,10,6,7,16918938),(1208,10,7,7,18238770),(1209,10,0,8,0.292294721314752),(1210,10,1,8,0.288027938766479),(1211,10,2,8,0.290786877063464),(1212,10,3,8,0.282957369906274),(1213,10,4,8,0.333220820070802),(1214,10,5,8,0.359922801025566),(1215,10,6,8,0.323725933625385),(1216,10,7,8,0.341212099280818),(1217,10,0,9,3597054),(1218,10,1,9,4637090),(1219,10,2,9,4764411),(1220,10,3,9,5249965),(1221,10,4,9,5589811),(1222,10,5,9,6073318),(1223,10,6,9,6111051),(1224,10,7,9,6546143),(1225,10,0,10,997993),(1226,10,1,10,1342442),(1227,10,2,10,1210566),(1228,10,3,10,1165705),(1229,10,4,10,157192),(1230,10,5,10,805199),(1231,10,6,10,997104),(1232,10,7,10,766879),(1233,10,0,11,118025.586591812),(1234,10,1,11,144026.45040859),(1235,10,2,11,156864.914874213),(1236,10,3,11,160406.151082214),(1237,10,4,11,99359.5800804858),(1238,10,5,11,83330.0357972468),(1239,10,6,11,100747.829183489),(1240,10,7,11,113647.921361384),(1241,10,0,12,32745.8829474126),(1242,10,1,12,41695.7954534866),(1243,10,2,12,39857.0426731901),(1244,10,3,12,35616.666462975),(1245,10,4,12,2794.10719110391),(1246,10,5,12,11047.8755589461),(1247,10,6,12,16438.4266258249),(1248,10,7,12,13313.8252992177),(1249,10,0,13,1219216),(1250,10,1,13,1661214),(1251,10,2,13,1415286),(1252,10,3,13,1902556),(1253,10,4,13,1952736),(1254,10,5,13,1894651),(1255,10,6,13,1462494),(1256,10,7,13,1271841),(1257,10,0,14,40004.5936430542),(1258,10,1,14,51596.7461897559),(1259,10,2,14,46597.3061334685),(1260,10,3,14,58130.2323307627),(1261,10,4,14,34710.1232882556),(1262,10,5,14,25995.8947733824),(1263,10,6,14,24110.9255501023),(1264,10,7,14,22080.4962482769),(1265,10,0,15,22900),(1266,10,1,15,22900),(1267,10,2,15,22900),(1268,10,3,15,22900),(1269,10,4,15,23000),(1270,10,5,15,23000),(1271,10,6,15,22600),(1272,10,7,15,22100),(1273,10,0,16,193.5),(1274,10,1,16,171.3),(1275,10,2,16,143.7),(1276,10,3,16,138.75),(1277,10,4,16,130.31),(1278,10,5,16,136.09),(1279,10,6,16,154.55),(1280,10,7,16,130.5),(1281,11,0,1,1932235.46),(1282,11,1,1,2178484.7143),(1283,11,2,1,2268476.2176),(1284,11,3,1,2816151.2848),(1285,11,4,1,3502726),(1286,11,5,1,3806960),(1287,11,6,1,3759032),(1288,11,7,1,3918101),(1289,11,0,2,628342.2473),(1290,11,1,2,757542.0369),(1291,11,2,2,737236.5471),(1292,11,3,2,765699.634),(1293,11,4,2,1236227),(1294,11,5,2,1213647),(1295,11,6,2,1255641),(1296,11,7,2,1308114),(1297,11,0,3,2560577.7073),(1298,11,1,3,2936026.7512),(1299,11,2,3,3005712.7647),(1300,11,3,3,3581850.9188),(1301,11,4,3,4738953),(1302,11,5,3,5020607),(1303,11,6,3,5014673),(1304,11,7,3,5226215),(1305,11,0,4,1816667.0552),(1306,11,1,4,2172142.0826),(1307,11,2,4,2253289.8676),(1308,11,3,4,2580861.066),(1309,11,4,4,3049542),(1310,11,5,4,3231374),(1311,11,6,4,3227664),(1312,11,7,4,3490399),(1313,11,0,5,415522.0546),(1314,11,1,5,406250.3898),(1315,11,2,5,374191.664),(1316,11,3,5,572335.5204),(1317,11,4,5,909965),(1318,11,5,5,1094065),(1319,11,6,5,956323),(1320,11,7,5,776969),(1321,11,0,6,328388.5975),(1322,11,1,6,357634.2788),(1323,11,2,6,378231.2331),(1324,11,3,6,428654.3324),(1325,11,4,6,779446),(1326,11,5,6,695168),(1327,11,6,6,830686),(1328,11,7,6,958847),(1329,11,0,7,2560577.7073),(1330,11,1,7,2936026.7512),(1331,11,2,7,3005712.7647),(1332,11,3,7,3581850.9188),(1333,11,4,7,4738953),(1334,11,5,7,5020607),(1335,11,6,7,5014673),(1336,11,7,7,5226215),(1337,11,0,8,0.290524536700906),(1338,11,1,8,0.260176331257128),(1339,11,2,8,0.250330938450501),(1340,11,3,8,0.27946161788759),(1341,11,4,8,0.356494567470916),(1342,11,5,8,0.356377824434376),(1343,11,6,8,0.356356037572141),(1344,11,7,8,0.332136354895465),(1345,11,0,9,3198733.5164),(1346,11,1,9,4303008.765),(1347,11,2,9,4226999.0317),(1348,11,3,9,4956902.7984),(1349,11,4,9,5504856),(1350,11,5,9,5749050),(1351,11,6,9,5227045),(1352,11,7,9,5936705),(1353,11,0,10,274474.9614),(1354,11,1,10,333455.0077),(1355,11,2,10,334221.1908),(1356,11,3,10,256335.0944),(1357,11,4,10,488519),(1358,11,5,10,301831),(1359,11,6,10,206794),(1360,11,7,10,418805),(1361,11,0,11,104956),(1362,11,1,11,133650),(1363,11,2,11,139171),(1364,11,3,11,151452),(1365,11,4,11,97849.4944754917),(1366,11,5,11,78880.8592436888),(1367,11,6,11,86173.9554774477),(1368,11,7,11,103067.437265843),(1369,11,0,12,9006),(1370,11,1,12,10357),(1371,11,2,12,11004),(1372,11,3,12,7832),(1373,11,4,12,8683.48548838929),(1374,11,5,12,4141.3257192722),(1375,11,6,12,3409.24115805457),(1376,11,7,12,7270.89489272607),(1377,11,0,13,351185.3187),(1378,11,1,13,445980.3772),(1379,11,2,13,417169.0345),(1380,11,3,13,479646.426),(1381,11,4,13,664977),(1382,11,5,13,738804),(1383,11,6,13,652291),(1384,11,7,13,745601),(1385,11,0,14,11523),(1386,11,1,14,13852),(1387,11,2,14,13735),(1388,11,3,14,14655),(1389,11,4,14,11820.0482061346),(1390,11,5,14,10136.8911964019),(1391,11,6,14,10753.7806910673),(1392,11,7,14,12944.4168596637),(1393,11,0,15,781.355),(1394,11,1,15,774.462),(1395,11,2,15,754.866),(1396,11,3,15,754.866),(1397,11,4,15,734.55),(1398,11,5,15,722.823),(1399,11,6,15,712.933),(1400,11,7,15,709.663),(1401,11,0,16,1742),(1402,11,1,16,1702.5),(1403,11,2,16,2000),(1404,11,3,16,2040),(1405,11,4,16,2225),(1406,11,5,16,2346),(1407,11,6,16,3449),(1408,11,7,16,3334.5),(1409,12,0,1,255608),(1410,12,1,1,325116),(1411,12,2,1,404890),(1412,12,3,1,515569),(1413,12,4,1,572548),(1414,12,5,1,751552),(1415,12,6,1,831074),(1416,12,7,1,890726),(1417,12,0,2,29565),(1418,12,1,2,58316),(1419,12,2,2,58243),(1420,12,3,2,82426),(1421,12,4,2,126591),(1422,12,5,2,128472),(1423,12,6,2,132760),(1424,12,7,2,153436),(1425,12,0,3,285173),(1426,12,1,3,383432),(1427,12,2,3,463133),(1428,12,3,3,597995),(1429,12,4,3,699139),(1430,12,5,3,880024),(1431,12,6,3,963834),(1432,12,7,3,1044162),(1433,12,0,4,167786),(1434,12,1,4,241682),(1435,12,2,4,291301),(1436,12,3,4,373057),(1437,12,4,4,387124),(1438,12,5,4,428171),(1439,12,6,4,657720),(1440,12,7,4,775659),(1441,12,0,5,59946),(1442,12,1,5,91636),(1443,12,2,5,116702),(1444,12,3,5,165065),(1445,12,4,5,230807),(1446,12,5,5,282178),(1447,12,6,5,197323),(1448,12,7,5,184545),(1449,12,0,6,57441),(1450,12,1,6,50114),(1451,12,2,6,55130),(1452,12,3,6,59873),(1453,12,4,6,81208),(1454,12,5,6,169675),(1455,12,6,6,108791),(1456,12,7,6,83958),(1457,12,0,7,285173),(1458,12,1,7,383432),(1459,12,2,7,463133),(1460,12,3,7,597995),(1461,12,4,7,699139),(1462,12,5,7,880024),(1463,12,6,7,963834),(1464,12,7,7,1044162),(1465,12,0,8,0.411634341259516),(1466,12,1,8,0.369687454359574),(1467,12,2,8,0.371020851461675),(1468,12,3,8,0.376153646769622),(1469,12,4,8,0.446284644398324),(1470,12,5,8,0.513455314855049),(1471,12,6,8,0.317600333667416),(1472,12,7,8,0.257146879507203),(1473,12,0,9,117024),(1474,12,1,9,176064),(1475,12,2,9,210973),(1476,12,3,9,298158),(1477,12,4,9,357643),(1478,12,5,9,475325),(1479,12,6,9,537472),(1480,12,7,9,583186),(1481,12,0,10,40278),(1482,12,1,10,119291),(1483,12,2,10,69441),(1484,12,3,10,109945),(1485,12,4,10,36915),(1486,12,5,10,74119),(1487,12,6,10,265073),(1488,12,7,10,166470),(1489,12,0,11,3839.7606055734),(1490,12,1,11,5468.48841940483),(1491,12,2,11,6946.13913152272),(1492,12,3,11,9109.84686457353),(1493,12,4,11,6357.1484436102),(1494,12,5,11,6521.78088901756),(1495,12,6,11,8860.85507172308),(1496,12,7,11,10124.7217891605),(1497,12,0,12,1321.59110670705),(1498,12,1,12,3705.13819996832),(1499,12,2,12,2286.29657554317),(1500,12,3,12,3359.23273407233),(1501,12,4,12,656.168678810631),(1502,12,5,12,1016.96287321957),(1503,12,6,12,4370.03869304234),(1504,12,7,12,2890.0941316176),(1505,12,0,13,48957),(1506,12,1,13,76566),(1507,12,2,13,84118),(1508,12,3,13,104163),(1509,12,4,13,108864),(1510,12,5,13,130833),(1511,12,6,13,144292),(1512,12,7,13,168712),(1513,12,0,14,1606.3641643343),(1514,12,1,14,2378.11411941198),(1515,12,2,14,2769.52658143662),(1516,12,3,14,3182.57091526832),(1517,12,4,14,1935.07102939294),(1518,12,5,14,1795.11735981241),(1519,12,6,14,2378.82252472513),(1520,12,7,14,2929.01760757775),(1521,12,0,15,3032.114),(1522,12,1,15,3033.302),(1523,12,2,15,3034.245),(1524,12,3,15,3029.532),(1525,12,4,15,3022.2),(1526,12,5,15,3020.3),(1527,12,6,15,3018.5),(1528,12,7,15,3016.2),(1529,12,0,16,334.1),(1530,12,1,16,394),(1531,12,2,16,346.1),(1532,12,3,16,399.7),(1533,12,4,16,434.6),(1534,12,5,16,591),(1535,12,6,16,791.9),(1536,12,7,16,677.7),(1537,13,0,1,2318000),(1538,13,1,1,2562000),(1539,13,2,1,2938000),(1540,13,3,1,6083000),(1541,13,4,1,6605000),(1542,13,5,1,7234000),(1543,13,6,1,8730000),(1544,13,7,1,9935000),(1545,13,0,2,696000),(1546,13,1,2,815000),(1547,13,2,2,920000),(1548,13,3,2,1455000),(1549,13,4,2,2131000),(1550,13,5,2,2404000),(1551,13,6,2,2300000),(1552,13,7,2,2292000),(1553,13,0,3,3014000),(1554,13,1,3,3377000),(1555,13,2,3,3858000),(1556,13,3,3,7538000),(1557,13,4,3,8736000),(1558,13,5,3,9638000),(1559,13,6,3,11030000),(1560,13,7,3,12227000),(1561,13,0,4,1791000),(1562,13,1,4,2069000),(1563,13,2,4,2266000),(1564,13,3,4,3165000),(1565,13,4,4,2881000),(1566,13,5,4,2929000),(1567,13,6,4,3726000),(1568,13,7,4,4183000),(1569,13,0,5,871000),(1570,13,1,5,894000),(1571,13,2,5,1165000),(1572,13,3,5,2986000),(1573,13,4,5,3824000),(1574,13,5,5,4892000),(1575,13,6,5,4531000),(1576,13,7,5,4208000),(1577,13,0,6,352000),(1578,13,1,6,414000),(1579,13,2,6,427000),(1580,13,3,6,1387000),(1581,13,4,6,2031000),(1582,13,5,6,1817000),(1583,13,6,6,2773000),(1584,13,7,6,3836000),(1585,13,0,7,3014000),(1586,13,1,7,3377000),(1587,13,2,7,3858000),(1588,13,3,7,7538000),(1589,13,4,7,8736000),(1590,13,5,7,9638000),(1591,13,6,7,11030000),(1592,13,7,7,12227000),(1593,13,0,8,0.405773059057731),(1594,13,1,8,0.38732602901984),(1595,13,2,8,0.412649040953862),(1596,13,3,8,0.580127354736004),(1597,13,4,8,0.670215201465201),(1598,13,5,8,0.696098775679602),(1599,13,6,8,0.66219401631913),(1600,13,7,8,0.657888280035986),(1601,13,0,9,1915000),(1602,13,1,9,2702000),(1603,13,2,9,3078000),(1604,13,3,9,4694000),(1605,13,4,9,5503000),(1606,13,5,9,5150000),(1607,13,6,9,4988000),(1608,13,7,9,6014000),(1609,13,0,10,293000),(1610,13,1,10,316000),(1611,13,2,10,341000),(1612,13,3,10,545000),(1613,13,4,10,348000),(1614,13,5,10,355000),(1615,13,6,10,181000),(1616,13,7,10,222000),(1617,13,0,11,62834.4746348874),(1618,13,1,11,83923.2080904209),(1619,13,2,11,101341.006891057),(1620,13,3,11,143419.331972673),(1621,13,4,11,97816.5038465367),(1622,13,5,11,70661.4875683804),(1623,13,6,11,82233.0188321527),(1624,13,7,11,104409.359689723),(1625,13,0,12,9613.83867781828),(1626,13,1,12,9814.85335180348),(1627,13,2,12,11227.1875730508),(1628,13,3,12,16651.7971719443),(1629,13,4,12,6185.74292905593),(1630,13,5,12,4870.84040519904),(1631,13,6,12,2983.99687422206),(1632,13,7,12,3854.15328418999),(1633,13,0,13,480000),(1634,13,1,13,542000),(1635,13,2,13,453000),(1636,13,3,13,783000),(1637,13,4,13,1067000),(1638,13,5,13,944000),(1639,13,6,13,862000),(1640,13,7,13,488000),(1641,13,0,14,15749.6333288491),(1642,13,1,14,16834.3370780933),(1643,13,2,14,14914.7095911789),(1644,13,3,14,23923.591166298),(1645,13,4,14,18966.056624433),(1646,13,5,14,12952.3192746701),(1647,13,6,14,14211.0790363504),(1648,13,7,14,8472.19280488609),(1649,13,0,15,9598),(1650,13,1,15,9591),(1651,13,2,15,9416),(1652,13,3,15,10304),(1653,13,4,15,10598),(1654,13,5,15,10598),(1655,13,6,15,10598),(1656,13,7,15,10598),(1657,13,0,16,207.75),(1658,13,1,16,214.55),(1659,13,2,16,270),(1660,13,3,16,251.55),(1661,13,4,16,195.8),(1662,13,5,16,253.25),(1663,13,6,16,402.8),(1664,13,7,16,291.5),(1665,14,0,1,761038.6699),(1666,14,1,1,888998.7132),(1667,14,2,1,957640),(1668,14,3,1,1130562),(1669,14,4,1,1626799),(1670,14,5,1,1974722),(1671,14,6,1,2152479),(1672,14,7,1,2507421),(1673,14,0,2,216172.6517),(1674,14,1,2,292050.8231),(1675,14,2,2,370570),(1676,14,3,2,433071),(1677,14,4,2,470925),(1678,14,5,2,510744),(1679,14,6,2,396332),(1680,14,7,2,422587),(1681,14,0,3,977211.3216),(1682,14,1,3,1181049.5363),(1683,14,2,3,1328210),(1684,14,3,3,1563633),(1685,14,4,3,2097724),(1686,14,5,3,2485466),(1687,14,6,3,2548811),(1688,14,7,3,2930008),(1689,14,0,4,633858.5662),(1690,14,1,4,803163.9106),(1691,14,2,4,869929),(1692,14,3,4,998021),(1693,14,4,4,1129785),(1694,14,5,4,1248489),(1695,14,6,4,1444167),(1696,14,7,4,1659133),(1697,14,0,5,195509.3135),(1698,14,1,5,235675.452),(1699,14,2,5,246477),(1700,14,3,5,357701),(1701,14,4,5,717208),(1702,14,5,5,887913),(1703,14,6,5,815192),(1704,14,7,5,791540),(1705,14,0,6,147843.4419),(1706,14,1,6,142210.1737),(1707,14,2,6,211804),(1708,14,3,6,207911),(1709,14,4,6,250731),(1710,14,5,6,349064),(1711,14,6,6,289452),(1712,14,7,6,479335),(1713,14,0,7,977211.3216),(1714,14,1,7,1181049.5363),(1715,14,2,7,1328210),(1716,14,3,7,1563633),(1717,14,4,7,2097724),(1718,14,5,7,2485466),(1719,14,6,7,2548811),(1720,14,7,7,2930008),(1721,14,0,8,0.351359780439122),(1722,14,1,8,0.319957473489082),(1723,14,2,8,0.345036552954729),(1724,14,3,8,0.361729382789951),(1725,14,4,8,0.461423428439585),(1726,14,5,8,0.497684136495933),(1727,14,6,8,0.433395806907613),(1728,14,7,8,0.433744549502937),(1729,14,0,9,998788.9668),(1730,14,1,9,1029803),(1731,14,2,9,1232649),(1732,14,3,9,1267603),(1733,14,4,9,1204238),(1734,14,5,9,1467943),(1735,14,6,9,1545608),(1736,14,7,9,1857931),(1737,14,0,10,104627.1977),(1738,14,1,10,167669),(1739,14,2,10,184152),(1740,14,3,10,186720),(1741,14,4,10,126565),(1742,14,5,10,116198),(1743,14,6,10,209725),(1744,14,7,10,269678),(1745,14,0,11,32772),(1746,14,1,11,31985.3336273648),(1747,14,2,11,40584.1100725322),(1748,14,3,11,38730.0331202718),(1749,14,4,11,21405.4790040243),(1750,14,5,11,20141.1720476876),(1751,14,6,11,25481.1571313404),(1752,14,7,11,32255.6345290468),(1753,14,0,12,3433),(1754,14,1,12,5207.74255266942),(1755,14,2,12,6063.07638109223),(1756,14,3,12,5704.99737237696),(1757,14,4,12,2249.70848797691),(1758,14,5,12,1594.31524902343),(1759,14,6,12,3457.56212401227),(1760,14,7,12,4681.89346564769),(1761,14,0,13,151561.6237),(1762,14,1,13,243373),(1763,14,2,13,258573),(1764,14,3,13,272931),(1765,14,4,13,293380),(1766,14,5,13,274817),(1767,14,6,13,310465),(1768,14,7,13,378040),(1769,14,0,14,4973),(1770,14,1,14,7559.08324300148),(1771,14,2,14,8513.33598922717),(1772,14,3,14,8339.06725492832),(1773,14,4,14,5214.8656911679),(1774,14,5,14,3770.67534545235),(1775,14,6,14,5118.37894781962),(1776,14,7,14,6563.17165565397),(1777,14,0,15,4718),(1778,14,1,15,4718),(1779,14,2,15,4718),(1780,14,3,15,4718),(1781,14,4,15,4718),(1782,14,5,15,4718),(1783,14,6,15,4718),(1784,14,7,15,4718),(1785,14,0,16,128),(1786,14,1,16,147.9),(1787,14,2,16,142.5),(1788,14,3,16,146.8),(1789,14,4,16,143),(1790,14,5,16,154),(1791,14,6,16,214),(1792,14,7,16,244.1),(1793,15,0,1,18733.672),(1794,15,1,1,20811.676),(1795,15,2,1,34702.771),(1796,15,3,1,57357.666),(1797,15,4,1,90905.889),(1798,15,5,1,115039.724),(1799,15,6,1,161573.474),(1800,15,7,1,178245.433),(1801,15,0,2,11981.357),(1802,15,1,2,17041.308),(1803,15,2,2,20339.347),(1804,15,3,2,30972.255),(1805,15,4,2,50339.386),(1806,15,5,2,63352.126),(1807,15,6,2,64596.722),(1808,15,7,2,68485.155),(1809,15,0,3,30715.029),(1810,15,1,3,37852.984),(1811,15,2,3,55042.118),(1812,15,3,3,88329.921),(1813,15,4,3,141245.275),(1814,15,5,3,178391.85),(1815,15,6,3,226170.196),(1816,15,7,3,246730.588),(1817,15,0,4,2682.272),(1818,15,1,4,-6378.086),(1819,15,2,4,-963.339),(1820,15,3,4,4914.658),(1821,15,4,4,16730.376),(1822,15,5,4,47129.971),(1823,15,6,4,58369.111),(1824,15,7,4,71787.276),(1825,15,0,5,0),(1826,15,1,5,25276.844),(1827,15,2,5,25879.82),(1828,15,3,5,41954.752),(1829,15,4,5,62333.959),(1830,15,5,5,70403.465),(1831,15,6,5,74318.066),(1832,15,7,5,70580.936),(1833,15,0,6,28032.757),(1834,15,1,6,18954.226),(1835,15,2,6,30125.637),(1836,15,3,6,41460.511),(1837,15,4,6,62180.94),(1838,15,5,6,60858.414),(1839,15,6,6,93483.019),(1840,15,7,6,104362.376),(1841,15,0,7,30715.029),(1842,15,1,7,37852.984),(1843,15,2,7,55042.118),(1844,15,3,7,88329.921),(1845,15,4,7,141245.275),(1846,15,5,7,178391.85),(1847,15,6,7,226170.196),(1848,15,7,7,246730.588),(1849,15,0,8,0.912672327283168),(1850,15,1,8,1.16849625382242),(1851,15,2,8,1.01750185194545),(1852,15,3,8,0.944360212888677),(1853,15,4,8,0.881550897897293),(1854,15,5,8,0.735806478827368),(1855,15,6,8,0.74192394916614),(1856,15,7,8,0.709045900705267),(1857,15,0,9,70628.291),(1858,15,1,9,89766.025),(1859,15,2,9,109909.902),(1860,15,3,9,144266.474),(1861,15,4,9,193988.24),(1862,15,5,9,252763.075),(1863,15,6,9,306352.092),(1864,15,7,9,365177.566),(1865,15,0,10,2220.121),(1866,15,1,10,1696.504),(1867,15,2,10,5135.798),(1868,15,3,10,7146.816),(1869,15,4,10,9075.107),(1870,15,5,10,10288.093),(1871,15,6,10,11202.028),(1872,15,7,10,13263.539),(1873,15,0,11,2317.43684561094),(1874,15,1,11,2788.10244097888),(1875,15,2,11,3618.70699674379),(1876,15,3,11,4407.88268579739),(1877,15,4,11,3448.16489626438),(1878,15,5,11,3468.0805595841),(1879,15,6,11,5050.572844969),(1880,15,7,11,6339.86628518651),(1881,15,0,12,72.8460243659952),(1882,15,1,12,52.6928416795823),(1883,15,2,12,169.092573264807),(1884,15,3,12,218.362074233406),(1885,15,4,12,161.311146424356),(1886,15,5,12,141.159603033367),(1887,15,6,12,184.678544403028),(1888,15,7,12,230.268974760504),(1889,15,0,13,4683.692),(1890,15,1,13,3977.512),(1891,15,2,13,7544.548),(1892,15,3,13,11402.189),(1893,15,4,13,14334.189),(1894,15,5,13,18302.221),(1895,15,6,13,24386.574),(1896,15,7,13,24849.928),(1897,15,0,14,153.680065885966),(1898,15,1,14,123.5401803324),(1899,15,2,14,248.398989882361),(1900,15,3,14,348.379703750779),(1901,15,4,14,254.791977731325),(1902,15,5,14,251.118866342767),(1903,15,6,14,402.041218723674),(1904,15,7,14,431.420863122003),(1905,15,0,15,103.905),(1906,15,1,15,98.623787),(1907,15,2,15,85.211624),(1908,15,3,15,85.721825),(1909,15,4,15,86.053244),(1910,15,5,15,92.252707),(1911,15,6,15,97.318746),(1912,15,7,15,97.327428),(1913,15,0,16,350),(1914,15,1,16,350),(1915,15,2,16,350),(1916,15,3,16,350),(1917,15,4,16,364),(1918,15,5,16,498),(1919,15,6,16,492),(1920,15,7,16,336),(1921,16,0,1,82656.9795511),(1922,16,1,1,126107.6484421),(1923,16,2,1,162701.254),(1924,16,3,1,200920.653),(1925,16,4,1,239012.616),(1926,16,5,1,272376.724),(1927,16,6,1,296025.929),(1928,16,7,1,336786.023),(1929,16,0,2,29771.8169185),(1930,16,1,2,49274.0704996),(1931,16,2,2,57827.001),(1932,16,3,2,67259.897),(1933,16,4,2,105748.717),(1934,16,5,2,131816.249),(1935,16,6,2,158889.557),(1936,16,7,2,189539.224),(1937,16,0,3,112428.7964696),(1938,16,1,3,175381.7189417),(1939,16,2,3,220528.255),(1940,16,3,3,268180.55),(1941,16,4,3,344761.333),(1942,16,5,3,404192.973),(1943,16,6,3,454915.486),(1944,16,7,3,526325.247),(1945,16,0,4,52501.2756002),(1946,16,1,4,78695.6715821),(1947,16,2,4,99235.714),(1948,16,3,4,126162.135),(1949,16,4,4,143651.62),(1950,16,5,4,165140.596),(1951,16,6,4,196076.968),(1952,16,7,4,259307.439),(1953,16,0,5,26718.183923),(1954,16,1,5,50017.6394291),(1955,16,2,5,44405.814),(1956,16,3,5,45903.824),(1957,16,4,5,55027.843),(1958,16,5,5,72409.782),(1959,16,6,5,93125.552),(1960,16,7,5,108960.418),(1961,16,0,6,33209.3369464),(1962,16,1,6,46668.4079305),(1963,16,2,6,76886.727),(1964,16,3,6,96114.591),(1965,16,4,6,146081.87),(1966,16,5,6,166642.595),(1967,16,6,6,165712.966),(1968,16,7,6,158057.39),(1969,16,0,7,112428.7964696),(1970,16,1,7,175381.7189417),(1971,16,2,7,220528.255),(1972,16,3,7,268180.55),(1973,16,4,7,344761.333),(1974,16,5,7,404192.973),(1975,16,6,7,454915.486),(1976,16,7,7,526325.247),(1977,16,0,8,0.533026437631608),(1978,16,1,8,0.551289199028436),(1979,16,2,8,0.550009072533585),(1980,16,3,8,0.52956269572868),(1981,16,4,8,0.583330245448378),(1982,16,5,8,0.591431303779742),(1983,16,6,8,0.568981549245391),(1984,16,7,8,0.507324718929928),(1985,16,0,9,237031.1639676),(1986,16,1,9,367784.4534821),(1987,16,2,9,448661.127),(1988,16,3,9,579694.88),(1989,16,4,9,763527.252),(1990,16,5,9,950613.336),(1991,16,6,9,1074811.554),(1992,16,7,9,1143314.405),(1993,16,0,10,10170.0196224),(1994,16,1,10,13479.7343636),(1995,16,2,10,25117.282),(1996,16,3,10,35620.375),(1997,16,4,10,47685.844),(1998,16,5,10,59061.2),(1999,16,6,10,54408.994),(2000,16,7,10,35538.972),(2001,16,0,11,7777.404),(2002,16,1,11,11423.261),(2003,16,2,11,14771.8552186668),(2004,16,3,11,17711.8560795864),(2005,16,4,11,13571.7910925302),(2006,16,5,11,13043.0587231263),(2007,16,6,11,17719.5266160981),(2008,16,7,11,19849.1394995156),(2009,16,0,12,333.696),(2010,16,1,12,418.676),(2011,16,2,12,826.969021522617),(2012,16,3,12,1088.33625630935),(2013,16,4,12,847.621759595012),(2014,16,5,12,810.359660111384),(2015,16,6,12,896.995955942358),(2016,16,7,12,616.993899326738),(2017,16,0,13,15734.2482092),(2018,16,1,13,24698.6263891),(2019,16,2,13,37566.267),(2020,16,3,13,52787.496),(2021,16,4,13,70041.528),(2022,16,5,13,87629.535),(2023,16,6,13,81167.549),(2024,16,7,13,74394.139),(2025,16,0,14,516.268),(2026,16,1,14,767.131),(2027,16,2,14,1236.84318483375),(2028,16,3,14,1612.85628735197),(2029,16,4,14,1244.9968004778),(2030,16,5,14,1202.33656272339),(2031,16,6,14,1338.14205803462),(2032,16,7,14,1291.56042860962),(2033,16,0,15,88.844),(2034,16,1,15,89.22),(2035,16,2,15,94.561),(2036,16,3,15,94.561),(2037,16,4,15,94.561),(2038,16,5,15,94.561),(2039,16,6,15,94.561),(2040,16,7,15,95.105),(2041,16,0,16,4080),(2042,16,1,16,2826),(2043,16,2,16,4786),(2044,16,3,16,9240),(2045,16,4,16,9701),(2046,16,5,16,11228),(2047,16,6,16,11000),(2048,16,7,16,6340),(2049,17,0,1,10238),(2050,17,1,1,12709),(2051,17,2,1,14601),(2052,17,3,1,16236),(2053,17,4,1,17965),(2054,17,5,1,18059),(2055,17,6,1,18959),(2056,17,7,1,23663),(2057,17,0,2,30457),(2058,17,1,2,40638),(2059,17,2,2,43344),(2060,17,3,2,48383),(2061,17,4,2,73553),(2062,17,5,2,69548),(2063,17,6,2,81342),(2064,17,7,2,97862),(2065,17,0,3,40695),(2066,17,1,3,53347),(2067,17,2,3,57945),(2068,17,3,3,64619),(2069,17,4,3,91518),(2070,17,5,3,87607),(2071,17,6,3,100301),(2072,17,7,3,121525),(2073,17,0,4,10065),(2074,17,1,4,12827),(2075,17,2,4,10692),(2076,17,3,4,13933),(2077,17,4,4,14348),(2078,17,5,4,13995),(2079,17,6,4,15951),(2080,17,7,4,23154),(2081,17,0,5,474),(2082,17,1,5,417),(2083,17,2,5,208),(2084,17,3,5,83),(2085,17,4,5,5),(2086,17,5,5,72),(2087,17,6,5,75),(2088,17,7,5,4),(2089,17,0,6,30156),(2090,17,1,6,40103),(2091,17,2,6,47045),(2092,17,3,6,50603),(2093,17,4,6,77165),(2094,17,5,6,73540),(2095,17,6,6,84275),(2096,17,7,6,98367),(2097,17,0,7,40695),(2098,17,1,7,53347),(2099,17,2,7,57945),(2100,17,3,7,64619),(2101,17,4,7,91518),(2102,17,5,7,87607),(2103,17,6,7,100301),(2104,17,7,7,121525),(2105,17,0,8,0.752672318466642),(2106,17,1,8,0.759555363937991),(2107,17,2,8,0.815480196738286),(2108,17,3,8,0.784382302418793),(2109,17,4,8,0.843222098385017),(2110,17,5,8,0.840252491239285),(2111,17,6,8,0.840968684260376),(2112,17,7,8,0.809471302201193),(2113,17,0,9,86565),(2114,17,1,9,111937),(2115,17,2,9,133593),(2116,17,3,9,148042),(2117,17,4,9,172712),(2118,17,5,9,161691),(2119,17,6,9,183219),(2120,17,7,9,198197),(2121,17,0,10,2221),(2122,17,1,10,3374),(2123,17,2,10,4141),(2124,17,3,10,5729),(2125,17,4,10,8174),(2126,17,5,10,4557),(2127,17,6,10,5546),(2128,17,7,10,6974),(2129,17,0,11,2840.34793564962),(2130,17,1,11,3476.72544190135),(2131,17,2,11,4398.45650864098),(2132,17,3,11,4523.23918702565),(2133,17,4,11,3069.97710564111),(2134,17,5,11,2218.51001678039),(2135,17,6,11,3020.57968672979),(2136,17,7,11,3440.908191291),(2137,17,0,12,72.8748658820287),(2138,17,1,12,104.795301294256),(2139,17,2,12,136.339541759541),(2140,17,3,12,175.042469721228),(2141,17,4,12,145.293858339377),(2142,17,5,12,62.5251259901184),(2143,17,6,12,91.432302013456),(2144,17,7,12,121.075968486221),(2145,17,0,13,4336),(2146,17,1,13,4993),(2147,17,2,13,7378),(2148,17,3,13,8555),(2149,17,4,13,12020),(2150,17,5,13,7311),(2151,17,6,13,8878),(2152,17,7,13,9773),(2153,17,0,14,142.27168773727),(2154,17,1,14,155.080894890996),(2155,17,2,14,242.91551294419),(2156,17,3,14,261.387384965108),(2157,17,4,14,213.65698277946),(2158,17,5,14,100.311870992705),(2159,17,6,14,146.364222372063),(2160,17,7,14,169.669549758508),(2161,17,0,15,178.93),(2162,17,1,15,177.07),(2163,17,2,15,177.07),(2164,17,3,15,177.94),(2165,17,4,15,179.25),(2166,17,5,15,178.26),(2167,17,6,15,179.53),(2168,17,7,15,179.53),(2169,17,0,16,266.8),(2170,17,1,16,181.4),(2171,17,2,16,243),(2172,17,3,16,298),(2173,17,4,16,123.4),(2174,17,5,16,268.5),(2175,17,6,16,387.5),(2176,17,7,16,415),(2177,18,0,1,635459),(2178,18,1,1,686659),(2179,18,2,1,661695),(2180,18,3,1,694917),(2181,18,4,1,734730),(2182,18,5,1,791709),(2183,18,6,1,834993),(2184,18,7,1,873132),(2185,18,0,2,109534),(2186,18,1,2,125124),(2187,18,2,2,192572),(2188,18,3,2,157129),(2189,18,4,2,149040),(2190,18,5,2,146428),(2191,18,6,2,148453),(2192,18,7,2,155119),(2193,18,0,3,744993),(2194,18,1,3,811783),(2195,18,2,3,854267),(2196,18,3,3,852046),(2197,18,4,3,883770),(2198,18,5,3,938137),(2199,18,6,3,983446),(2200,18,7,3,1028251),(2201,18,0,4,539568),(2202,18,1,4,525659),(2203,18,2,4,540405),(2204,18,3,4,596707),(2205,18,4,4,595151),(2206,18,5,4,613919),(2207,18,6,4,650932),(2208,18,7,4,695564),(2209,18,0,5,106194),(2210,18,1,5,159965),(2211,18,2,5,118844),(2212,18,3,5,174920),(2213,18,4,5,166273),(2214,18,5,5,186764),(2215,18,6,5,215858),(2216,18,7,5,181439),(2217,18,0,6,99231),(2218,18,1,6,126159),(2219,18,2,6,195018),(2220,18,3,6,80419),(2221,18,4,6,122346),(2222,18,5,6,137454),(2223,18,6,6,116656),(2224,18,7,6,151248),(2225,18,0,7,744993),(2226,18,1,7,811783),(2227,18,2,7,854267),(2228,18,3,7,852046),(2229,18,4,7,883770),(2230,18,5,7,938137),(2231,18,6,7,983446),(2232,18,7,7,1028251),(2233,18,0,8,0.275740845887143),(2234,18,1,8,0.352463651000329),(2235,18,2,8,0.367405038471579),(2236,18,3,8,0.299677482201665),(2237,18,4,8,0.326577050590086),(2238,18,5,8,0.345597711208491),(2239,18,6,8,0.338111091000421),(2240,18,7,8,0.32354648816291),(2241,18,0,9,526581),(2242,18,1,9,362599),(2243,18,2,9,298805),(2244,18,3,9,313632),(2245,18,4,9,329560),(2246,18,5,9,347512),(2247,18,6,9,374072),(2248,18,7,9,348119),(2249,18,0,10,9139),(2250,18,1,10,31411),(2251,18,2,10,-22631),(2252,18,3,10,19767),(2253,18,4,10,25606),(2254,18,5,10,31539),(2255,18,6,10,40205),(2256,18,7,10,24013),(2257,18,0,11,17278.0368082056),(2258,18,1,11,11262.2025649069),(2259,18,2,11,9837.94657702476),(2260,18,3,11,9582.63568923163),(2261,18,4,11,5857.9696543094),(2262,18,5,11,4768.09997434233),(2263,18,6,11,6167.01479963533),(2264,18,7,11,6043.71165377898),(2265,18,0,12,299.866456234066),(2266,18,1,12,975.615058966769),(2267,18,2,12,-745.109917788014),(2268,18,3,12,603.956100362979),(2269,18,4,12,455.149808739673),(2270,18,5,12,432.736438139641),(2271,18,6,12,662.826488000541),(2272,18,7,12,416.890913573217),(2273,18,0,13,59888),(2274,18,1,13,62526),(2275,18,2,13,61254),(2276,18,3,13,72713),(2277,18,4,13,60708),(2278,18,5,13,53143),(2279,18,6,13,73590),(2280,18,7,13,79670),(2281,18,0,14,1965.02925166273),(2282,18,1,14,1942.03645783185),(2283,18,2,14,2016.74530087875),(2284,18,3,14,2221.65528030016),(2285,18,4,14,1079.09218889979),(2286,18,5,14,729.157948319697),(2287,18,6,14,1213.21729267404),(2288,18,7,14,1383.15491960097),(2289,18,0,15,260732.852),(2290,18,1,15,281247.952),(2291,18,2,15,290262.445),(2292,18,3,15,309873.684),(2293,18,4,15,371494.14),(2294,18,5,15,364468.853),(2295,18,6,15,367138.482),(2296,18,7,15,402655.108),(2297,18,0,16,1.649),(2298,18,1,16,0.973),(2299,18,2,16,0.7335),(2300,18,3,16,0.554),(2301,18,4,16,0.5415),(2302,18,5,16,0.679),(2303,18,6,16,0.9259),(2304,18,7,16,0.7289),(2305,19,0,1,150973),(2306,19,1,1,328091),(2307,19,2,1,357969),(2308,19,3,1,342835),(2309,19,4,1,365136),(2310,19,5,1,341590),(2311,19,6,1,349060),(2312,19,7,1,332301),(2313,19,0,2,98117),(2314,19,1,2,203825),(2315,19,2,2,170614),(2316,19,3,2,169731),(2317,19,4,2,220362),(2318,19,5,2,227419),(2319,19,6,2,222534),(2320,19,7,2,292755),(2321,19,0,3,249090),(2322,19,1,3,531916),(2323,19,2,3,528583),(2324,19,3,3,512566),(2325,19,4,3,585498),(2326,19,5,3,569009),(2327,19,6,3,571594),(2328,19,7,3,625056),(2329,19,0,4,139139),(2330,19,1,4,390657),(2331,19,2,4,353189),(2332,19,3,4,334589),(2333,19,4,4,348249),(2334,19,5,4,366245),(2335,19,6,4,419226),(2336,19,7,4,459409),(2337,19,0,5,41170),(2338,19,1,5,75800),(2339,19,2,5,69420),(2340,19,3,5,62166),(2341,19,4,5,90667),(2342,19,5,5,61775),(2343,19,6,5,26824),(2344,19,7,5,23889),(2345,19,0,6,68781),(2346,19,1,6,65459),(2347,19,2,6,105974),(2348,19,3,6,115811),(2349,19,4,6,146582),(2350,19,5,6,140989),(2351,19,6,6,125544),(2352,19,7,6,141758),(2353,19,0,7,249090),(2354,19,1,7,531916),(2355,19,2,7,528583),(2356,19,3,7,512566),(2357,19,4,7,585498),(2358,19,5,7,569009),(2359,19,6,7,571594),(2360,19,7,7,625056),(2361,19,0,8,0.441410735075675),(2362,19,1,8,0.265566367621955),(2363,19,2,8,0.331819222335943),(2364,19,3,8,0.347227478997827),(2365,19,4,8,0.40520889909103),(2366,19,5,8,0.356345857446895),(2367,19,6,8,0.266566828903033),(2368,19,7,8,0.265011454973634),(2369,19,0,9,464386),(2370,19,1,9,536244),(2371,19,2,9,556189),(2372,19,3,9,662321),(2373,19,4,9,741101),(2374,19,5,9,831987),(2375,19,6,9,898182),(2376,19,7,9,917049),(2377,19,0,10,14561),(2378,19,1,10,36144),(2379,19,2,10,-22276),(2380,19,3,10,-23067),(2381,19,4,10,7837),(2382,19,5,10,22601),(2383,19,6,10,60761),(2384,19,7,10,53851),(2385,19,0,11,15237.310881356),(2386,19,1,11,16655.5576607105),(2387,19,2,11,18312.1355691131),(2388,19,3,11,20236.3944123291),(2389,19,4,11,13173.1616967422),(2390,19,5,11,11415.4250597192),(2391,19,6,11,14807.5816601244),(2392,19,7,11,15920.9343023115),(2393,19,0,12,477.771689377857),(2394,19,1,12,1122.62044160628),(2395,19,2,12,-733.421789962697),(2396,19,3,12,-704.783496083008),(2397,19,4,12,139.303641767274),(2398,19,5,12,310.101025346207),(2399,19,6,12,1001.71621035694),(2400,19,7,12,934.909948229346),(2401,19,0,13,27341),(2402,19,1,13,28938),(2403,19,2,13,17569),(2404,19,3,13,34260),(2405,19,4,13,51559),(2406,19,5,13,63305),(2407,19,6,13,80421),(2408,19,7,13,83873),(2409,19,0,14,897.105676758463),(2410,19,1,14,898.804513590155),(2411,19,2,14,578.447092290116),(2412,19,3,14,1046.77169011158),(2413,19,4,14,916.467585285042),(2414,19,5,14,868.58747000317),(2415,19,6,14,1325.83432387742),(2416,19,7,14,1456.12341623814),(2417,19,0,15,34722.26438119),(2418,19,1,15,73367.20876252),(2419,19,2,15,86892.14997079),(2420,19,3,15,86892.46938034),(2421,19,4,15,88751.976703),(2422,19,5,15,84395.931),(2423,19,6,15,83672.355),(2424,19,7,15,83477.683),(2425,19,0,16,4.81),(2426,19,1,16,3.479),(2427,19,2,16,2.483),(2428,19,3,16,1),(2429,19,4,16,0.712),(2430,19,5,16,1.106),(2431,19,6,16,3.844),(2432,19,7,16,3.4),(2433,20,0,1,100416.581),(2434,20,1,1,121939.965),(2435,20,2,1,130646.657),(2436,20,3,1,131739.499),(2437,20,4,1,130170.484),(2438,20,5,1,135022.406),(2439,20,6,1,135449.686),(2440,20,7,1,136845.194),(2441,20,0,2,12948.247),(2442,20,1,2,16002.17),(2443,20,2,2,17289.229),(2444,20,3,2,18862.269),(2445,20,4,2,20159.52),(2446,20,5,2,19872.373),(2447,20,6,2,24321.268),(2448,20,7,2,26942.509),(2449,20,0,3,113364.828),(2450,20,1,3,137942.135),(2451,20,2,3,147935.886),(2452,20,3,3,150601.768),(2453,20,4,3,150330.004),(2454,20,5,3,154894.779),(2455,20,6,3,159770.954),(2456,20,7,3,163787.703),(2457,20,0,4,74647.806),(2458,20,1,4,84706.575),(2459,20,2,4,90769.38),(2460,20,3,4,97114.88),(2461,20,4,4,100717.067),(2462,20,5,4,105529.388),(2463,20,6,4,109983.872),(2464,20,7,4,116459.239),(2465,20,0,5,23083.117),(2466,20,1,5,31978.351),(2467,20,2,5,37243.616),(2468,20,3,5,33047.408),(2469,20,4,5,32451.724),(2470,20,5,5,28777.101),(2471,20,6,5,29014.259),(2472,20,7,5,28630.24),(2473,20,0,6,15633.905),(2474,20,1,6,21257.209),(2475,20,2,6,19922.89),(2476,20,3,6,20439.48),(2477,20,4,6,17161.213),(2478,20,5,6,20588.29),(2479,20,6,6,20772.823),(2480,20,7,6,18698.224),(2481,20,0,7,113364.828),(2482,20,1,7,137942.135),(2483,20,2,7,147935.886),(2484,20,3,7,150601.768),(2485,20,4,7,150330.004),(2486,20,5,7,154894.779),(2487,20,6,7,159770.954),(2488,20,7,7,163787.703),(2489,20,0,8,0.341525874321443),(2490,20,1,8,0.38592675109748),(2491,20,2,8,0.386427577146494),(2492,20,3,8,0.355154449448429),(2493,20,4,8,0.330026845472578),(2494,20,5,8,0.318702743363609),(2495,20,6,8,0.311615351561336),(2496,20,7,8,0.288962254999083),(2497,20,0,9,50486.817),(2498,20,1,9,60251.76),(2499,20,2,9,62483.802),(2500,20,3,9,69853.026),(2501,20,4,9,68996.213),(2502,20,5,9,69423.901),(2503,20,6,9,78891.102),(2504,20,7,9,87394.702),(2505,20,0,10,6608.806),(2506,20,1,10,3736.69),(2507,20,2,10,5960.98),(2508,20,3,10,6323.685),(2509,20,4,10,3889.674),(2510,20,5,10,6061.34),(2511,20,6,10,5386.68),(2512,20,7,10,7607.038),(2513,20,0,11,1656.5601160223),(2514,20,1,11,1871.39933097487),(2515,20,2,11,2057.23567545855),(2516,20,3,11,2134.27233174046),(2517,20,4,11,1226.41619740341),(2518,20,5,11,952.542935429121),(2519,20,6,11,1300.61216448582),(2520,20,7,11,1517.26386366714),(2521,20,0,12,216.846398419787),(2522,20,1,12,116.060330288451),(2523,20,2,12,196.261116068048),(2524,20,3,12,193.212330273884),(2525,20,4,12,69.1394351776801),(2526,20,5,12,83.1656895257722),(2527,20,6,12,88.8057253173176),(2528,20,7,12,132.066173381342),(2529,20,0,13,6272.975),(2530,20,1,13,9585.76),(2531,20,2,13,11310.126),(2532,20,3,13,15043.668),(2533,20,4,13,13953.242),(2534,20,5,13,13692.322),(2535,20,6,13,16962.944),(2536,20,7,13,19787.925),(2537,20,0,14,205.827200272994),(2538,20,1,14,297.730470460708),(2539,20,2,14,372.378023685744),(2540,20,3,14,459.640565611136),(2541,20,4,14,248.020597812949),(2542,20,5,14,187.867930249565),(2543,20,6,14,279.653988251955),(2544,20,7,14,343.539171738987),(2545,20,0,15,3854341.417),(2546,20,1,15,3854341.417),(2547,20,2,15,3854341.417),(2548,20,3,15,3854341.417),(2549,20,4,15,3854341.417),(2550,20,5,15,3854341.417),(2551,20,6,15,3854341.417),(2552,20,7,15,3854341.417),(2553,20,0,16,0.0215),(2554,20,1,16,0.009286),(2555,20,2,16,0.00688),(2556,20,3,16,0.00658),(2557,20,4,16,0.00454),(2558,20,5,16,0.004176),(2559,20,6,16,0.015006),(2560,20,7,16,0.01189);
/*!40000 ALTER TABLE `statements` ENABLE KEYS */;
UNLOCK TABLES;

--
-- Table structure for table `type_statements`
--

DROP TABLE IF EXISTS `type_statements`;
/*!40101 SET @saved_cs_client     = @@character_set_client */;
 SET character_set_client = utf8mb4 ;
CREATE TABLE `type_statements` (
  `id` int(11) NOT NULL,
  `type_statement` varchar(45) NOT NULL,
  PRIMARY KEY (`id`)
) ENGINE=InnoDB DEFAULT CHARSET=utf8mb4 COLLATE=utf8mb4_0900_ai_ci;
/*!40101 SET character_set_client = @saved_cs_client */;

--
-- Dumping data for table `type_statements`
--

LOCK TABLES `type_statements` WRITE;
/*!40000 ALTER TABLE `type_statements` DISABLE KEYS */;
INSERT INTO `type_statements` VALUES (1,'Бухгалтерский баланс'),(2,'Отчет о прибылях и убытках'),(3,'Cash Flow'),(4,'Биржевой');
/*!40000 ALTER TABLE `type_statements` ENABLE KEYS */;
UNLOCK TABLES;

--
-- Table structure for table `years`
--

DROP TABLE IF EXISTS `years`;
/*!40101 SET @saved_cs_client     = @@character_set_client */;
 SET character_set_client = utf8mb4 ;
CREATE TABLE `years` (
  `id` int(11) NOT NULL,
  `year` int(11) NOT NULL,
  PRIMARY KEY (`id`)
) ENGINE=InnoDB DEFAULT CHARSET=utf8mb4 COLLATE=utf8mb4_0900_ai_ci;
/*!40101 SET character_set_client = @saved_cs_client */;

--
-- Dumping data for table `years`
--

LOCK TABLES `years` WRITE;
/*!40000 ALTER TABLE `years` DISABLE KEYS */;
INSERT INTO `years` VALUES (0,2010),(1,2011),(2,2012),(3,2013),(4,2014),(5,2015),(6,2016),(7,2017),(8,2018);
/*!40000 ALTER TABLE `years` ENABLE KEYS */;
UNLOCK TABLES;

--
-- Dumping events for database 'msfo'
--

--
-- Dumping routines for database 'msfo'
--
/*!40103 SET TIME_ZONE=@OLD_TIME_ZONE */;

/*!40101 SET SQL_MODE=@OLD_SQL_MODE */;
/*!40014 SET FOREIGN_KEY_CHECKS=@OLD_FOREIGN_KEY_CHECKS */;
/*!40014 SET UNIQUE_CHECKS=@OLD_UNIQUE_CHECKS */;
/*!40101 SET CHARACTER_SET_CLIENT=@OLD_CHARACTER_SET_CLIENT */;
/*!40101 SET CHARACTER_SET_RESULTS=@OLD_CHARACTER_SET_RESULTS */;
/*!40101 SET COLLATION_CONNECTION=@OLD_COLLATION_CONNECTION */;
/*!40111 SET SQL_NOTES=@OLD_SQL_NOTES */;

-- Dump completed on 2019-02-24 19:54:09
